{"cameraMode":{"drawMode":0,"name":"Shaded","section":"Shading Mode"},"sceneLighting":true,"audioPlay":false,"sceneViewState":{"m_AlwaysRefresh":false,"showFog":true,"showSkybox":true,"showFlares":true,"showImageEffects":true,"showParticleSystems":true,"showVisualEffectGraphs":true,"m_FxEnabled":true},"in2DMode":false,"pivot":{"x":-18.67881202697754,"y":14.95118522644043,"z":1.5900905132293702},"rotation":{"x":-0.054281704127788547,"y":0.0065870932303369049,"z":-0.00035820016637444496,"w":-0.9985044598579407},"size":17.44818878173828,"orthographic":false}