{"cameraMode":{"drawMode":0,"name":"Shaded","section":"Shading Mode"},"sceneLighting":true,"audioPlay":false,"sceneViewState":{"m_AlwaysRefresh":false,"showFog":true,"showSkybox":true,"showFlares":true,"showImageEffects":true,"showParticleSystems":true,"showVisualEffectGraphs":true,"m_FxEnabled":true},"in2DMode":false,"pivot":{"x":-12.694499969482422,"y":4.384931564331055,"z":6.555006980895996},"rotation":{"x":-0.10956567525863648,"y":-0.02176906354725361,"z":0.0023990434128791095,"w":-0.9937631487846375},"size":18.374963760375978,"orthographic":false}