{"cameraMode":{"drawMode":0,"name":"Shaded","section":"Shading Mode"},"sceneLighting":true,"audioPlay":false,"sceneViewState":{"m_AlwaysRefresh":false,"showFog":true,"showSkybox":true,"showFlares":true,"showImageEffects":true,"showParticleSystems":true,"showVisualEffectGraphs":true,"m_FxEnabled":true},"in2DMode":false,"pivot":{"x":21.955921173095704,"y":-2.9925930500030519,"z":0.25118398666381838},"rotation":{"x":0.07096728682518006,"y":0.7228806018829346,"z":-0.07508561760187149,"w":0.6832147836685181},"size":10.289974212646485,"orthographic":false}